<?xml version="1.0" encoding="utf-8"?>
<config>
    <!--LocalIp :本机IP地址 ,
    ListenPort ：本地监听端口（用以监控）Default=2643 ,
	saveDir :切片保存目录 Default=/vdata/hls/, 手动添加目录/vtmp/slicetmp/
	mouneFixdir : 在出现挂在时生成临时切片目录 Default=/vtmp/slicetmp/ ,
    autoClearTime :自动将ts切片清理过期时间, 单位为分钟 Default=60,
	doneDir 完成的ts大文件存放目录 Default=/vdata/donelist/ ,
    SeqmentDuration ：切片时间戳（秒）Default=10,
	Picsize    : 生成图片的分辨率
    ThreadMax : 线程池起始阶段最大值  Default=100, 
	Needpic    : 是否需要生成图片 1需要 0不需要
    channelID :频道ID, 
	channelName :频道名称 Default=Movie,
    groupID :分组（用于点播扫描多目录）在同一个localFileMode下起作用, 
    pcrPID :直播的PID Default=69, 
	sourceDir :目录（点播和轮播扫描目录）Default=/vdata/loopdir/, 
	fast :(点播快速模式)  
	DirFlag :（扫描轮播哪个目录 1备份 0新目录）-->
   
    
    <hlsGlobal LocalIp="10.168.200.212" ListenPort="2634" saveDir="/vdata/hls/" mouneFixdir="/vtmp/yuanlicuttmp/" autoClearTime="600" doneDir="/vdata/donelist/" SeqmentDuration="5" Picsize="480x360" ThreadMax="1000" Needpic="1" />
   	<!--
	<hlsGlobal LocalIp="10.168.61.204" ListenPort="2634" saveDir="/vdata/hls/" mouneFixdir="/vtmp/yuanlicuttmp/" autoClearTime="60" doneDir="/vdata/donelist/" SeqmentDuration="15" Picsize="480x360" ThreadMax="1000" Needpic="1" />
	-->	
	
    <hlsTask>
  
		<channel channelID="6703" channelName="Movie" groupID="2" pcrPID="69"  sourceDir="/data/data_vf/7752/beijinghd/" fast="0" DirFlag="0"/>
		<channel channelID="6704" channelName="Movie" groupID="2" pcrPID="69"  sourceDir="/data/data_vf/7762/shenzhenhd/" fast="0" DirFlag="0"/>
		<channel channelID="6705" channelName="Movie" groupID="2" pcrPID="69"  sourceDir="/data/data_vf/7762/guangdonghd/" fast="0" DirFlag="0"/>
		<channel channelID="6758" channelName="Movie" groupID="2" pcrPID="69"  sourceDir="/data/data_vf/7762/hunanhd/" fast="0" DirFlag="0"/>
		<channel channelID="6759" channelName="Movie" groupID="2" pcrPID="69"  sourceDir="/data/data_vf/7762/zhejianghd/" fast="0" DirFlag="0"/>
		<channel channelID="6760" channelName="Movie" groupID="2" pcrPID="69"  sourceDir="/data/data_vf/7762/jiangsuhd/" fast="0" DirFlag="0"/>
		<channel channelID="6761" channelName="Movie" groupID="2" pcrPID="69"  sourceDir="/data/data_vf/7752/fenghuangzw/" fast="0" DirFlag="0"/>
		<channel channelID="6762" channelName="Movie" groupID="2" pcrPID="69"  sourceDir="/data/data_vf/7752/fenghuangzx/" fast="0" DirFlag="0"/>
		<channel channelID="7900" channelName="Movie" groupID="2" pcrPID="69"  sourceDir="/data/data_vf/7762/dongfang/" fast="0" DirFlag="0"/>
		<channel channelID="6922" channelName="Movie" groupID="2" pcrPID="69"  sourceDir="/data/data_vf/7762/cctv1/" fast="0" DirFlag="0"/>
		<channel channelID="6707" channelName="Movie" groupID="2" pcrPID="69"  sourceDir="/data/data_vf/7742/hubei/" fast="0" DirFlag="0"/>
		<channel channelID="6712" channelName="Movie" groupID="2" pcrPID="69"  sourceDir="/data/data_vf/7742/fujiandongnan/" fast="0" DirFlag="0"/>
		<channel channelID="6714" channelName="Movie" groupID="2" pcrPID="69"  sourceDir="/data/data_vf/7742/liaoning/" fast="0" DirFlag="0"/>
		<channel channelID="6718" channelName="Movie" groupID="2" pcrPID="69"  sourceDir="/data/data_vf/7742/jiangxi/" fast="0" DirFlag="0"/>
		<channel channelID="6773" channelName="Movie" groupID="2" pcrPID="69"  sourceDir="/data/data_vf/7742/hebei/" fast="0" DirFlag="0"/>
		<channel channelID="6728" channelName="Movie" groupID="2" pcrPID="69"  sourceDir="/data/data_vf/7742/xinjiang/" fast="0" DirFlag="0"/>
		<channel channelID="6748" channelName="Movie" groupID="2" pcrPID="69"  sourceDir="/data/data_vf/7752/guangdongnanfang/" fast="0" DirFlag="0"/>
		<channel channelID="6744" channelName="Movie" groupID="2" pcrPID="69"  sourceDir="/data/data_vf/7752/shenzhengj/" fast="0" DirFlag="0"/>
		<channel channelID="6738" channelName="Movie" groupID="2" pcrPID="69"  sourceDir="/data/data_vf/7752/zhejianggj/" fast="0" DirFlag="0"/>
		<channel channelID="6742" channelName="Movie" groupID="2" pcrPID="69"  sourceDir="/data/data_vf/7752/shanghaidongfanggj/" fast="0" DirFlag="0"/>
		<channel channelID="6746" channelName="Movie" groupID="2" pcrPID="69"  sourceDir="/data/data_vf/7762/henangj/" fast="0" DirFlag="0"/>
		<channel channelID="6737" channelName="Movie" groupID="2" pcrPID="69"  sourceDir="/data/data_vf/7762/hunangj/" fast="0" DirFlag="0"/>
		<channel channelID="6774" channelName="Movie" groupID="2" pcrPID="69"  sourceDir="/data/data_vf/7762/anhuigj/" fast="0" DirFlag="0"/>
		<channel channelID="6740" channelName="Movie" groupID="2" pcrPID="69"  sourceDir="/data/data_vf/7742/beijinggj/" fast="0" DirFlag="0"/>
		<channel channelID="7942" channelName="Movie" groupID="2" pcrPID="69"  sourceDir="/data/data_vf/7012/minnan/" fast="0" DirFlag="0"/>
	        <channel channelID="7948" channelName="Movie" groupID="2" pcrPID="69"  sourceDir="/data/data_vf/7772/zhujiang/" fast="0" DirFlag="0"/>	
               <!--
		-->
    </hlsTask>	 
 
</config>
	
  
